Filename,Total
996838637.jpg,40
843299601.jpg,60
293854450.jpg,51
820967217.jpg,34
295636822.jpg,40
981598680.jpg,58
985885625.jpg,58
236230528.jpg,64
919898082.jpg,42
157769367.jpg,60
914825890.jpg,40
282844008.jpg,35
636956472.jpg,51
054091474.jpg,34
855968599.jpg,51
777961435.jpg,45
304534070.jpg,51
989588729.jpg,51
321978126.jpg,22
368800874.jpg,45
889380746.jpg,51
187958977.jpg,34
018669280.jpg,45
754651043.jpg,51
425039310.jpg,45
548105572.jpg,64
322850658.jpg,51
004453340.jpg,40
341201092.jpg,60
851629759.jpg,47
590909742.jpg,47
242763157.jpg,58
850787416.jpg,35
531074106.jpg,64
410143297.jpg,60
593723013.jpg,47
485805975.jpg,42
026255945.jpg,42
861026109.jpg,47
459931305.jpg,59
569476492.jpg,47
418180110.jpg,47
625998902.jpg,42
943992428.jpg,51
565053759.jpg,22
989691491.jpg,64
789850714.jpg,35
995919626.jpg,60
786461021.jpg,42
466576219.jpg,40
629049632.jpg,42
420533052.jpg,51
379564936.jpg,51
232805705.jpg,64
544848493.jpg,45
325518278.jpg,42
403529264.jpg,42
413410598.jpg,47
278646100.jpg,42
870014475.jpg,40
748872737.jpg,64
236443741.jpg,51
877203455.jpg,40
173365098.jpg,35
975052329.jpg,45
861000616.jpg,60
711134032.jpg,51
484248225.jpg,45
270072528.jpg,47
113333234.jpg,35
878912123.jpg,35
967786934.jpg,42
848612931.jpg,47
137038594.jpg,40
879402509.jpg,64
582995503.jpg,40
243512518.jpg,51
987359770.jpg,64
734152148.jpg,22
019378321.jpg,40
537020015.jpg,51
595899292.jpg,56
669084181.jpg,47
476644234.jpg,42
275989414.jpg,51
658972069.jpg,48
588834947.jpg,47
191262773.jpg,34
588995366.jpg,42
362040471.jpg,47
300903183.jpg,47
653309865.jpg,51
391790553.jpg,45
565234053.jpg,64
768928410.jpg,40
403824966.jpg,35
638298515.jpg,42
526854617.jpg,45
265726867.jpg,42
509746773.jpg,42
587847232.jpg,51
633933267.jpg,42
953897455.jpg,47
481965571.jpg,40
450277947.jpg,51
725999548.jpg,64
320144966.jpg,64
783414587.jpg,60
504615554.jpg,51
498207581.jpg,42
807062380.jpg,47
558483904.jpg,34
395310457.jpg,42
932937187.jpg,35
220197506.jpg,47
111552931.jpg,45
254388215.jpg,47
426005626.jpg,47
126313157.jpg,58
597157395.jpg,40
309374391.jpg,47
752858629.jpg,42
119449251.jpg,40
243507506.jpg,47
004775467.jpg,34
071423814.jpg,60
220943320.jpg,64
210846827.jpg,60
287601459.jpg,51
530517240.jpg,42
873645155.jpg,42
632228419.jpg,60
490720678.jpg,34
988186450.jpg,40
539050688.jpg,40
728350156.jpg,35
843097528.jpg,48
163919617.jpg,64
877458794.jpg,64
149170721.jpg,47
523817750.jpg,35
592877377.jpg,47
096260706.jpg,47
387530660.jpg,51
288131815.jpg,40
340754599.jpg,35
018418495.jpg,64
868767225.jpg,47
640014458.jpg,51
542310286.jpg,51
087949833.jpg,35
246652736.jpg,48
986964667.jpg,35
495135090.jpg,60
501012673.jpg,64
153245129.jpg,42
114548015.jpg,40
685824447.jpg,64
061181451.jpg,42
657515894.jpg,35
328021680.jpg,56
053746802.jpg,59
184326274.jpg,47
795952028.jpg,59
401283776.jpg,42
925236453.jpg,47
833872001.jpg,40
400988799.jpg,42
893804839.jpg,45
169467272.jpg,40
023930297.jpg,51
790707993.jpg,51
735736231.jpg,64
993372057.jpg,34
834007355.jpg,58
127896642.jpg,35
688411825.jpg,47
509623938.jpg,51
113673427.jpg,34
330291610.jpg,42
462525052.jpg,34
521453502.jpg,42
999823280.jpg,60
294102321.jpg,42
602066789.jpg,42
770477017.jpg,51
673038237.jpg,51
543627245.jpg,42
171024390.jpg,51
097193629.jpg,47
820194043.jpg,58
848127527.jpg,56
065368659.jpg,51
205588838.jpg,40
164400561.jpg,40
720364298.jpg,56
915535520.jpg,40
255236045.jpg,35
342763565.jpg,47
779610130.jpg,51
494765241.jpg,56
628921318.jpg,42
232616120.jpg,42
291455910.jpg,40
574595138.jpg,47
347623465.jpg,42
766028356.jpg,47
343124471.jpg,40
039918443.jpg,42
723523376.jpg,47
542816086.jpg,42
654936023.jpg,32
389419718.jpg,47
532507197.jpg,45
841995286.jpg,35
249613948.jpg,70
627074237.jpg,56
195617791.jpg,42
402308824.jpg,60
486955767.jpg,40
119664997.jpg,51
890573404.jpg,45
365541014.jpg,58
414868723.jpg,35
484743944.jpg,64
081090832.jpg,42
582287041.jpg,60
408263491.jpg,47
548080419.jpg,40
820936462.jpg,42
939200347.jpg,58
655115133.jpg,40
063996732.jpg,40
811393219.jpg,56
503311092.jpg,51
522604177.jpg,35
610915143.jpg,35
466508127.jpg,51
547373201.jpg,34
642547976.jpg,60
822368442.jpg,45
325087773.jpg,64
280303058.jpg,47
588735463.jpg,42
701815432.jpg,58
674964727.jpg,60
548843104.jpg,42
848603411.jpg,35
702636042.jpg,40
671478737.jpg,47
927249599.jpg,35
950581699.jpg,51
082405574.jpg,40
128181466.jpg,40
691867537.jpg,51
437768147.jpg,45
210630345.jpg,51
749729426.jpg,51
469880541.jpg,42
011020442.jpg,60
033281934.jpg,58
440125862.jpg,40
971110152.jpg,47
234461753.jpg,34
733280071.jpg,51
363001429.jpg,60
640043138.jpg,47
856789732.jpg,42
610245254.jpg,42
319336257.jpg,40
508810985.jpg,40
413178755.jpg,40
865298777.jpg,64
064042001.jpg,35
289576235.jpg,42
220774257.jpg,40
689758807.jpg,56
403996664.jpg,40
523146126.jpg,47
117320655.jpg,47
145784931.jpg,67
939020268.jpg,42
385570624.jpg,42
810031724.jpg,51
397409264.jpg,45
853884318.jpg,58
650744734.jpg,40
693842609.jpg,40
095079619.jpg,45
060255730.jpg,45
151803268.jpg,47
948122518.jpg,47
901890881.jpg,64
477549831.jpg,45
747358361.jpg,34
847833314.jpg,40
754110032.jpg,59
176194767.jpg,64
656703520.jpg,47
716239082.jpg,42
147354664.jpg,42
051843630.jpg,47
544238879.jpg,40
445997848.jpg,35
215386388.jpg,58
086470085.jpg,42
916320365.jpg,45
104795951.jpg,51
773041175.jpg,40
739059559.jpg,35
733971532.jpg,42
616948582.jpg,51
049895181.jpg,42
611006761.jpg,47
356551033.jpg,40
228158759.jpg,59
713448258.jpg,58
938953055.jpg,64
455121598.jpg,35
590535306.jpg,47
277989302.jpg,34
925007400.jpg,35
181951918.jpg,34
887018309.jpg,40
843808430.jpg,60
917186534.jpg,58
264157669.jpg,47
355289888.jpg,51
845453349.jpg,64
869852468.jpg,58
487474508.jpg,35
363549653.jpg,56
824920858.jpg,40
617984720.jpg,45
403465327.jpg,51
082977978.jpg,42
220692078.jpg,56
026291895.jpg,47
061524409.jpg,56
847226312.jpg,51
502970415.jpg,60
899647113.jpg,60
414722005.jpg,40
764907975.jpg,47
738012534.jpg,34
532977457.jpg,35
629562700.jpg,35
561492135.jpg,35
621148068.jpg,51
780336816.jpg,42
299463419.jpg,42
208617522.jpg,58
427256409.jpg,40
754117584.jpg,51
484555718.jpg,58
226354250.jpg,42
393442326.jpg,42
207308162.jpg,51
132798406.jpg,42
413535187.jpg,48
618481753.jpg,64
107140811.jpg,40
646665196.jpg,40
985803332.jpg,42
787815544.jpg,42
946088348.jpg,51
396133492.jpg,34
959998255.jpg,51
890757744.jpg,51
871943249.jpg,42
023620293.jpg,35
400449911.jpg,42
675722267.jpg,67
429059332.jpg,35
207415606.jpg,47
930873139.jpg,47
479609073.jpg,35
646307157.jpg,51
618125239.jpg,51
747752319.jpg,34
175136877.jpg,47
458095878.jpg,42
636173710.jpg,34
254532501.jpg,60
427636612.jpg,64
834097829.jpg,40
337927959.jpg,51
129551480.jpg,58
417606597.jpg,40
862803727.jpg,35
624655088.jpg,47
145759435.jpg,47
716266137.jpg,58
932709862.jpg,40
109603248.jpg,42
629890383.jpg,47
594234407.jpg,56
182969438.jpg,42
843760774.jpg,47
869016373.jpg,35
457369063.jpg,42
702225971.jpg,51
685162443.jpg,58
705559785.jpg,51
417455013.jpg,47
329155624.jpg,48
269128533.jpg,35
631540356.jpg,58
340037706.jpg,40
818322723.jpg,40
825631820.jpg,51
476769288.jpg,58
655916911.jpg,34
228657045.jpg,34
161417379.jpg,42
867727413.jpg,58
786491775.jpg,35
274121052.jpg,35
263713165.jpg,45
672492739.jpg,45
074836358.jpg,35
512429162.jpg,64
170938463.jpg,45
003212838.jpg,60
931162901.jpg,40
261888308.jpg,64
200209876.jpg,40
819885828.jpg,47
359777143.jpg,35
883049306.jpg,60
587665588.jpg,48
107364232.jpg,45
967391752.jpg,34
489339906.jpg,60
823221898.jpg,51
154919019.jpg,22
723866425.jpg,60
066652242.jpg,47
360795559.jpg,47
251127576.jpg,47
498661787.jpg,51
485577793.jpg,51
512450982.jpg,47
350059974.jpg,58
989347046.jpg,59
121960183.jpg,51
532534329.jpg,42
390055774.jpg,42
370421495.jpg,42
800964047.jpg,47
923198501.jpg,47
816296315.jpg,51
526447659.jpg,60
617055306.jpg,45
063551240.jpg,35
601353884.jpg,47
798522356.jpg,60
893677957.jpg,34
982129673.jpg,40
893641983.jpg,51
282137293.jpg,47
775385736.jpg,40
630058909.jpg,58
596145207.jpg,35
203677355.jpg,40
833165773.jpg,34
186530526.jpg,51
956115088.jpg,51
841451343.jpg,51
396653231.jpg,35
243792760.jpg,64
186161305.jpg,42
142586051.jpg,42
806611902.jpg,35
619285380.jpg,64
727588541.jpg,60
171882017.jpg,60
405634940.jpg,34
558020290.jpg,47
703927095.jpg,40
035594217.jpg,42
967993375.jpg,42
989352798.jpg,40
187371357.jpg,45
491422874.jpg,51
947705039.jpg,58
184171503.jpg,58
066674845.jpg,47
334877498.jpg,40
218634518.jpg,60
093620149.jpg,40
579325635.jpg,58
704705363.jpg,42
197723042.jpg,22
946798378.jpg,40
441487996.jpg,51
270150629.jpg,42
113205335.jpg,64
556769870.jpg,35
836795502.jpg,22
780932470.jpg,47
964709744.jpg,34
758034937.jpg,35
735456521.jpg,42
720927570.jpg,56
596712455.jpg,64
067523198.jpg,51
037558035.jpg,42
843429668.jpg,35
602073391.jpg,42
835730949.jpg,42
968540166.jpg,51
569153648.jpg,60
867932854.jpg,42
816440139.jpg,51
723625789.jpg,60
467559630.jpg,48
659454080.jpg,42
114005614.jpg,40
682519096.jpg,35
100505422.jpg,42
519237833.jpg,60
084224563.jpg,51
075273182.jpg,40
857002894.jpg,58
906406205.jpg,35
105612521.jpg,42
999782066.jpg,47
675145846.jpg,47
626582504.jpg,35
013318771.jpg,42
485772485.jpg,60
319043831.jpg,60
641092171.jpg,34
006458192.jpg,51
487610074.jpg,47
253940971.jpg,42
541614030.jpg,58
052523330.jpg,47
467941511.jpg,42
616894163.jpg,42
048697279.jpg,59
831716911.jpg,35
380743028.jpg,42
556920094.jpg,51
670644747.jpg,42
493679445.jpg,35
873461693.jpg,60
349320545.jpg,51
165458000.jpg,64
662033334.jpg,47
580519429.jpg,40
472665812.jpg,35
100844661.jpg,42
843957441.jpg,64
955572891.jpg,56
619426263.jpg,45
089387155.jpg,40
282460477.jpg,47
063215283.jpg,35
004233379.jpg,58
557070884.jpg,40
862134328.jpg,22
601575553.jpg,47
722242934.jpg,42
274344446.jpg,60
833253374.jpg,35
518543927.jpg,51
493483470.jpg,51
314874447.jpg,42
070559026.jpg,64
975586790.jpg,47
167566004.jpg,51
239672880.jpg,51
566081275.jpg,51
855605246.jpg,45
729515001.jpg,60
399316003.jpg,42
832692943.jpg,47
477823036.jpg,42
316061686.jpg,45
290565693.jpg,35
198674899.jpg,42
058771319.jpg,40
096841333.jpg,42
672508368.jpg,40
169087942.jpg,47
821689233.jpg,51
347359077.jpg,51
853618919.jpg,56
341469832.jpg,40
153306987.jpg,42
354653724.jpg,51
576896723.jpg,42
891885757.jpg,47
669562181.jpg,47
362010947.jpg,51
368556311.jpg,51
164060893.jpg,35
306766477.jpg,47
766170277.jpg,51
990652827.jpg,47
381395004.jpg,42
448105861.jpg,40
543316296.jpg,42
777613934.jpg,45
086408205.jpg,40
055490442.jpg,60
493476212.jpg,51
100677047.jpg,42
523371477.jpg,40
084338767.jpg,34
181000545.jpg,40
386430973.jpg,40
812062182.jpg,58
204693410.jpg,58
598825792.jpg,51
474663049.jpg,51
230598993.jpg,35
063834644.jpg,51
469698786.jpg,60
494830229.jpg,51
998870593.jpg,35
894773202.jpg,35
821649196.jpg,51
538651793.jpg,64
424554461.jpg,35
430393266.jpg,42
713680144.jpg,51
728801692.jpg,42
957525932.jpg,42
278492968.jpg,56
454070168.jpg,42
612116720.jpg,40
773224266.jpg,40
266781373.jpg,47
439357307.jpg,42
163081787.jpg,40
813201196.jpg,42
055471535.jpg,47
055114610.jpg,47
554306638.jpg,47
810837733.jpg,40
091338870.jpg,47
295671975.jpg,42
779995780.jpg,40
148320779.jpg,40
684415235.jpg,42
623749392.jpg,40
762920301.jpg,60
128260908.jpg,51
713286452.jpg,47
223720828.jpg,47
485960020.jpg,40
574725898.jpg,42
370025405.jpg,56
196762293.jpg,40
555463694.jpg,47
184564578.jpg,42
838788406.jpg,56
553924585.jpg,34
271452376.jpg,51
284646254.jpg,47
064674141.jpg,51
735598454.jpg,58
925346020.jpg,35
033420953.jpg,64
890929371.jpg,42
030609132.jpg,60
274090367.jpg,40
905503740.jpg,40
551406856.jpg,64
121489986.jpg,40
976633552.jpg,40
083704116.jpg,40
479699236.jpg,47
101859509.jpg,51
410334976.jpg,51
296102597.jpg,64
683551988.jpg,34
587629931.jpg,35
223868651.jpg,60
854790428.jpg,47
392248887.jpg,51
729606918.jpg,40
991148706.jpg,64
046891745.jpg,42
809959072.jpg,40
201391494.jpg,64
578729563.jpg,42
489457956.jpg,60
581128733.jpg,60
122751880.jpg,22
613043902.jpg,40
761254238.jpg,40
770853886.jpg,60
500119105.jpg,47
653803504.jpg,56
808132706.jpg,51
976750167.jpg,40
964628384.jpg,42
246307182.jpg,40
783258219.jpg,35
430812498.jpg,45
639352209.jpg,51
768927832.jpg,64
429621796.jpg,47
716922227.jpg,40
635575121.jpg,42
147627080.jpg,42
509562479.jpg,51
038298958.jpg,40
890168950.jpg,51
802263928.jpg,51
043603436.jpg,35
611581457.jpg,35
679620784.jpg,47
876946554.jpg,42
401474558.jpg,51
524013310.jpg,64
598596479.jpg,48
509630591.jpg,56
926151626.jpg,35
208787464.jpg,42
161329623.jpg,51
076908713.jpg,64
773240687.jpg,60
535432968.jpg,42
837449266.jpg,35
843329898.jpg,42
165706128.jpg,64
626282024.jpg,42
426735936.jpg,51
834552693.jpg,51
312745558.jpg,35
690203563.jpg,22
761882061.jpg,42
472010294.jpg,42
802296999.jpg,51
072775495.jpg,34
622409135.jpg,42
667482399.jpg,42
207946773.jpg,56
388614810.jpg,60
258241524.jpg,47
426370919.jpg,64
255528821.jpg,47
538077715.jpg,34
168683912.jpg,60
637841206.jpg,42
688739041.jpg,58
556120725.jpg,47
684682389.jpg,35
345401147.jpg,51
134188669.jpg,40
326261956.jpg,40
971202270.jpg,22
829589287.jpg,60
235505329.jpg,42
295792420.jpg,51
856997875.jpg,42
532455974.jpg,47
796506325.jpg,47
333908187.jpg,47
185699778.jpg,64
344280104.jpg,40
223662290.jpg,64
174410522.jpg,42
342201310.jpg,51
170339542.jpg,64
366597641.jpg,51
825427602.jpg,34
238451587.jpg,47
322878380.jpg,45
914934280.jpg,40
981284651.jpg,51
833111611.jpg,51
971803759.jpg,42
082241544.jpg,40
175750535.jpg,40
501440427.jpg,42
538450370.jpg,40
152696962.jpg,58
182427640.jpg,35
495544349.jpg,51
881636567.jpg,35
989953850.jpg,40
089412779.jpg,51
967769365.jpg,42
592502356.jpg,40
558802584.jpg,62
340732660.jpg,40
617633754.jpg,51
022225819.jpg,42
290970416.jpg,42
314224233.jpg,51
025962357.jpg,42
222893039.jpg,35
217926070.jpg,51
139712229.jpg,42
101806112.jpg,56
209232968.jpg,45
053257332.jpg,40
462210801.jpg,58
020612712.jpg,51
673654488.jpg,58
258839035.jpg,42
357414979.jpg,42
572308476.jpg,60
790060392.jpg,40
849688194.jpg,51
933393441.jpg,58
015926568.jpg,42
273044104.jpg,42
108429446.jpg,42
924501489.jpg,35
192502328.jpg,47
026054603.jpg,40
646829138.jpg,34
388113596.jpg,45
773022918.jpg,35
933218611.jpg,47
647729582.jpg,51
033729593.jpg,42
703391060.jpg,42
068135393.jpg,60
431918189.jpg,40
783971923.jpg,60
916371246.jpg,51
536109074.jpg,47
374706167.jpg,35
761435844.jpg,58
243392507.jpg,42
298042759.jpg,47
258756518.jpg,51
768971536.jpg,42
373318527.jpg,35
275848789.jpg,40
820172369.jpg,51
531965484.jpg,34
956254115.jpg,42
728574845.jpg,51
071533122.jpg,40
726502127.jpg,60
911142379.jpg,42
611293430.jpg,60
656290387.jpg,59
285453290.jpg,60
417813533.jpg,51
852519003.jpg,42
051605206.jpg,42
221119466.jpg,47
815201436.jpg,40
307203609.jpg,51
435268451.jpg,47
272230753.jpg,64
807755977.jpg,47
642086389.jpg,40
132722488.jpg,35
331198845.jpg,42
298001280.jpg,51
888182520.jpg,58
239439004.jpg,42
742218666.jpg,45
279531557.jpg,45
634540725.jpg,64
171856902.jpg,51
360111495.jpg,40
271416788.jpg,60
650527888.jpg,34
863438950.jpg,64
270677553.jpg,35
623267083.jpg,40
693732230.jpg,51
119520492.jpg,35
645788408.jpg,51
110008326.jpg,35
991718625.jpg,40
320013052.jpg,47
466319374.jpg,56
145093861.jpg,51
602895471.jpg,34
311997483.jpg,60
477680178.jpg,51
950985789.jpg,35
828957692.jpg,58
538777745.jpg,42
728663169.jpg,51
992371958.jpg,35
943509448.jpg,35
295132212.jpg,45
910127043.jpg,64
327698613.jpg,51
922560713.jpg,47
677295602.jpg,59
530003863.jpg,48
783378591.jpg,45
234384195.jpg,40
327847525.jpg,51
071680232.jpg,51
026976499.jpg,42
010705350.jpg,35
137909725.jpg,47
217541001.jpg,40
466594364.jpg,60
784592326.jpg,60
893854244.jpg,35
310627212.jpg,42
437972963.jpg,58
997692448.jpg,45
551604675.jpg,51
648978938.jpg,34
704285565.jpg,42
754391555.jpg,51
400398754.jpg,42
614037025.jpg,42
202877724.jpg,40
322943327.jpg,47
588950205.jpg,60
154575906.jpg,51
476093774.jpg,56
624802803.jpg,47
017438292.jpg,58
477867391.jpg,60
414596367.jpg,40
475964721.jpg,35
580417835.jpg,35
052402264.jpg,40
567160026.jpg,40
720341729.jpg,40
116154911.jpg,47
057534152.jpg,45
661199816.jpg,47
916685065.jpg,42
328903343.jpg,56
322724766.jpg,47
836845884.jpg,40
258701550.jpg,60
365648953.jpg,34
099547778.jpg,60
389569929.jpg,35
948236112.jpg,42
521728536.jpg,47
611567302.jpg,60
907936507.jpg,51
392314751.jpg,42
262969502.jpg,60
453038186.jpg,40
184616130.jpg,47
213010227.jpg,60
279824254.jpg,34
928785454.jpg,51
705128104.jpg,42
977011876.jpg,51
069075803.jpg,60
830683113.jpg,51
518732848.jpg,42
979208204.jpg,40
901532238.jpg,34
476288035.jpg,42
836293877.jpg,64
174024747.jpg,47
637801110.jpg,35
169776702.jpg,47
497376448.jpg,40
659227022.jpg,40
978561625.jpg,64
944775715.jpg,40
472705554.jpg,42
281106387.jpg,60
959864634.jpg,60
345088194.jpg,48
681728374.jpg,58
224511164.jpg,40
620313270.jpg,34
926462990.jpg,42
363137483.jpg,60
554211892.jpg,42
202041396.jpg,35
145109038.jpg,42
949737627.jpg,51
503274717.jpg,47
390377638.jpg,51
550588678.jpg,42
842689956.jpg,51
441898122.jpg,58
410449734.jpg,45
497804038.jpg,47
308630171.jpg,45
662222697.jpg,40
410799973.jpg,42
170136483.jpg,35
022886613.jpg,60
675628978.jpg,51
978645230.jpg,35
190792702.jpg,47
833930947.jpg,35
387191160.jpg,35
987813662.jpg,47
772566986.jpg,40
